n,mysort,qsort
5000,0.567333,0.000000
10000,1.801000,0.000333
15000,4.200333,0.003333
20000,6.643000,0.000333
25000,13.624667,0.003333
30000,20.634000,0.000000
35000,23.897667,0.003667
40000,26.079333,0.002000
45000,25.963333,0.003000
50000,34.113000,0.003333
