n,mysort,qsort
5000,0.635000,0.001000
10000,1.896000,0.011000
15000,4.607000,0.000000
20000,8.098000,0.001000
25000,12.825000,0.000000
30000,20.783000,0.000000
35000,27.430000,0.007000
40000,38.517000,0.006000
45000,46.277000,0.006000
50000,58.111000,0.004000
