n,mysort,qsort
5000,0.346000,0.000000
10000,1.029000,0.000000
15000,2.246000,0.000000
20000,4.554000,0.002000
25000,7.172000,0.000000
30000,10.033000,0.000000
35000,13.699000,0.015000
40000,19.210000,0.000000
45000,22.546000,0.000000
50000,28.886000,0.010000
