n,mysort,qsort
5000,0.169667,0.000000
10000,0.675333,0.000667
15000,1.471667,0.001333
20000,2.599667,0.001667
25000,4.169667,0.002000
30000,5.748667,0.002333
35000,10.022000,0.004333
40000,18.238333,0.006333
45000,22.678667,0.008667
50000,27.242000,0.007667
