n,mysort,qsort
5000,0.000000,0.001000
10000,0.001000,0.002000
15000,0.000000,0.001000
20000,0.000000,0.008000
25000,0.000000,0.000000
30000,0.000000,0.006000
35000,0.000000,0.000000
40000,0.006000,0.004000
45000,0.000000,0.008000
50000,0.000000,0.000000
