n,mysort,qsort
5000,0.000000,0.001667
10000,0.000333,0.002667
15000,0.000333,0.004333
20000,0.000000,0.010333
25000,0.000667,0.008333
30000,0.001667,0.007667
35000,0.001333,0.012000
40000,0.001667,0.010333
45000,0.001333,0.011333
50000,0.001333,0.014333
